"S","I","R","D","H","beds","ISO"
"8455150.0","21652.0","7298.0","0.0","0.0","19089.225","CH"
"8437234.071293358","36964.98902856657","9010.763297383171","812.0881903420163","7392.997805713314","19089.225","CH"
"8406761.776870143","62997.3540269122","13184.296956766615","945.2860730882963","12599.470805382442","19089.225","CH"
"8355159.537825696","107044.11961461976","20166.758075269063","1231.7922422093247","21408.823922923955","19089.225","CH"
"8268420.134224213","180977.58537372583","31435.98337656201","2000.148512752026","36195.51707474517","19089.225","CH"
"8124415.382787864","303422.3008214969","50408.81504650765","3293.750672066503","60684.46016429938","19089.225","CH"
"7890186.74961527","501752.92443323124","81999.06346006531","5447.631245718159","100350.58488664625","19089.225","CH"
"7521589.119553867","811642.42488029","133662.21752068854","8970.119022578836","162328.484976058","19089.225","CH"
"6970567.865805648","1269303.795920116","215818.91430407114","14571.711985082096","253860.7591840232","19089.225","CH"
"6206642.375798049","1890789.8249470247","341165.6399670785","23118.07964392351","378157.96498940495","19089.225","CH"
"5250308.860419576","2641786.1672291704","521862.3522918471","35438.31002970319","528357.2334458341","19089.225","CH"
"4192985.6409108248","3423163.11058499","764695.0753064299","51995.086598879265","684632.6221169981","19089.225","CH"
"3169645.1255516894","4103164.7016442516","1066833.3286903184","72595.42205687167","820632.9403288504","19089.225","CH"
"2294453.908096924","4581844.344663648","1415763.5141934461","96386.11652299397","916368.8689327296","19089.225","CH"
"1616859.6617577174","4829936.897609494","1793725.0043796012","122156.2181265955","965987.3795218988","19089.225","CH"
"1127318.8641803165","4876926.138383988","2183170.3743661596","148709.31153476986","975385.2276767977","19089.225","CH"
"787822.9222285119","4776716.821721162","2570111.001947035","175091.6270516477","955343.3643442324","19089.225","CH"
"556781.4251799424","4581825.701639876","2944931.705021307","200647.584079439","916365.1403279752","19089.225","CH"
"400101.71366698685","4333000.1175495535","3301776.3651521904","224977.90181563562","866600.0235099108","19089.225","CH"
"293181.9941287647","4058378.5243742317","3637532.7203401094","247870.38057844833","811675.7048748464","19089.225","CH"
"219331.41654507807","3776108.2163934694","3950919.0996368253","269237.6337123154","755221.6432786939","19089.225","CH"
"167537.6782538539","3497346.8212822457","4241807.617030981","289070.94171646226","699469.3642564492","19089.225","CH"
"130600.27744007096","3228650.2245335355","4510765.534885975","307408.981570212","645730.0449067071","19089.225","CH"
"103802.40987803233","2973638.2780620437","4758758.171235484","324317.57041222363","594727.6556124088","19089.225","CH"
"84029.10713285084","2734090.169284756","4986961.013375255","339876.85510357184","546818.0338569512","19089.225","CH"
"69199.16469744706","2510645.553609776","5196642.624512397","354173.32859019504","502129.1107219552","19089.225","CH"
"57903.13875995032","2303248.4349119687","5389092.591791463","367294.9172683133","460649.68698239373","19089.225","CH"
"49172.68765274246","2111427.356013471","5565577.938196489","379328.0090686557","422285.47120269417","19089.225","CH"
"42332.721154701285","1934472.3618130924","5727317.503611098","390355.70671056083","386894.4723626185","19089.225","CH"
"36905.72589029396","1771546.882742012","5875467.681026328","400456.85517069","354309.3765484024","19089.225","CH"
"32549.141214596202","1621758.4107372295","6011115.330905151","409705.55857151886","324351.6821474459","19089.225","CH"
"29013.853785321382","1484202.9137517568","6135275.2211901285","418171.0056364036","296840.58275035134","19089.225","CH"
"26116.331479240496","1357992.3953760935","6248890.296990062","425917.4880773082","271598.4790752187","19089.225","CH"
"23719.670136619727","1242271.5668170585","6352833.688103519","433004.53747140744","248454.3133634117","19089.225","CH"
"21720.53613894488","1136227.4515963285","6447911.747415716","439487.13242451166","227245.49031926572","19089.225","CH"
"20040.057738155658","1039094.392288333","6534867.660599448","445415.9446870387","207818.8784576666","19089.225","CH"
"18617.393545858347","950156.0704670689","6614385.32829138","450837.60384785256","190031.2140934138","19089.225","CH"
"17405.13815180107","868745.5999434256","6687093.327098959","455794.9674029146","173749.11998868512","19089.225","CH"
"16366.003212248715","794244.3960140866","6753568.825303583","460327.3877350481","158848.87920281733","19089.225","CH"
"15470.394119382136","726080.2891137911","6814341.375377566","464470.9706946377","145216.05782275822","19089.225","CH"
"14694.622437745182","663725.1962208988","6869896.5362031525","468258.8225691095","132745.03924417976","19089.225","CH"
"14019.57439671044","606692.5597928443","6920679.298535949","471721.28363725496","121338.51195856888","19089.225","CH"
"13429.709827875955","554534.6942590185","6967097.30102629","474886.14744341467","110906.93885180372","19089.225","CH"
"12912.30280328676","506840.13218545157","7009523.833832666","477778.86558930407","101368.02643709032","19089.225","CH"
"12456.860775205874","463231.03085923934","7048300.631984444","480422.73819056153","92646.20617184788","19089.225","CH"
"12054.676664894596","423360.6778848354","7083740.464618994","482839.0904156444","84672.13557696709","19089.225","CH"
"11698.48080637791","386911.1185164528","7116129.529218664","485047.4357292584","77382.22370329055","19089.225","CH"
"11382.168448417382","353590.9160708249","7145729.66224582","487065.6266174737","70718.18321416498","19089.225","CH"
"11100.584946395003","323133.05179456976","7172780.376290703","488909.99348417035","64626.61035891395","19089.225","CH"
"10849.355358266532","295292.96797058807","7197500.73209336","490595.4722888971","59058.593594117614","19089.225","CH"
"10624.748244153856","269846.7438724219","7220091.063560168","492135.72216163395","53969.34877448439","19089.225","CH"
"10423.566276182417","246589.4076156332","7240734.559597957","493543.23325511976","49317.88152312664","19089.225","CH"
"10243.057794175373","225333.37378750055","7259598.716830881","494829.42579372827","45066.67475750011","19089.225","CH"
"10080.84490879998","205907.00119483672","7276836.6720515555","496004.74092241056","41181.40023896735","19089.225","CH"
"9934.86473618378","188153.2634118295","7292588.423852504","497078.723999748","37630.6526823659","19089.225","CH"
"9803.321114166365","171928.5248538751","7306981.95217088","498060.10093054606","34385.70497077502","19089.225","CH"
"9684.64473062225","157101.4151817419","7320134.243899876","498956.84809388657","31420.28303634838","19089.225","CH"
"9577.460038275256","143551.7950426021","7332152.232151582","499776.25638377585","28710.359008520423","19089.225","CH"
"9480.55767215714","131169.8064355945","7343133.656207933","500524.9898421634","26233.961287118902","19089.225","CH"
"9392.871350433816","119855.00132093369","7353167.8486719495","501209.1393283465","23971.00026418674","19089.225","CH"
"9313.458445272136","109515.54244927411","7362336.455835552","501834.27163495583","21903.108489854825","19089.225","CH"
"9241.483571604864","100067.47075790503","7370714.096812786","502405.4744288581","20013.494151581006","19089.225","CH"
"9176.204667767795","91434.03400472953","7378611.508978523","502806.1261744969","18286.806800945906","19089.225","CH"
"9116.961146943146","83545.07199868328","7386082.822173782","503044.57234030304","16709.014399736658","19089.225","CH"
"9063.163763644981","76336.45315214609","7392909.493429829","503262.44482719805","15267.29063042922","19089.225","CH"
"9014.285927015337","69749.55907929983","7399147.119024736","503461.51798448234","13949.911815859967","19089.225","CH"
"8969.856219390269","63730.81259993536","7404846.504640507","503643.413270092","12746.162519987072","19089.225","CH"
"8929.451934196566","58231.245832697896","7410054.077429792","503809.61240166484","11646.24916653958","19089.225","CH"
"8892.693475415781","53206.1049981195","7414812.262765547","503961.4693804657","10641.220999623902","19089.225","CH"
"8859.239488412748","48614.488865787855","7419159.828677723","504100.2214840459","9722.89777315757","19089.225","CH"
"8828.78261378847","44419.01802533451","7423132.200729897","504226.9993154982","8883.803605066902","19089.225","CH"
"8801.045773788814","40585.532389066626","7426761.749857589","504342.8359897864","8117.106477813326","19089.225","CH"
"8775.778915458668","37082.81454530174","7430078.055477559","504448.6755308493","7416.562909060349","19089.225","CH"
"8752.75614679722","33882.336776861914","7433108.145982435","504545.3805469624","6776.467355372383","19089.225","CH"
"8731.773212135126","30958.029739570844","7435876.7185560735","504633.739246121","6191.6059479141695","19089.225","CH"
"8712.645261212518","28286.070961967736","7438406.340080889","504714.47184797673","5657.214192393548","19089.225","CH"
"8695.204873301975","25844.691480707563","7440717.63075791","504788.2364440519","5168.938296141513","19089.225","CH"
"8679.300303446322","23613.999067122535","7442829.4319223445","504855.6343535549","4722.799813424507","19089.225","CH"
"8664.793922670475","21575.816630010453","7444758.959411157","504917.2150180917","4315.163326002091","19089.225","CH"
"8651.56082804694","19713.534498921646","7446521.943723326","504973.4804748631","3942.7068997843294","19089.225","CH"
"8639.487601877256","18011.9754015151","7448132.758107488","505024.8894445704","3602.39508030302","19089.225","CH"
"8628.471202108147","16457.271048954975","7449604.535614679","505071.86106714036","3291.4542097909953","19089.225","CH"
"8618.417968519634","15036.749335391083","7450949.276065002","505114.7783155549","3007.349867078217","19089.225","CH"
"8609.242731275786","13738.831241959653","7452177.943795837","505153.99111547525","2747.7662483919307","19089.225","CH"
"8600.868010177988","12552.936613129452","7453300.556984769","505189.81919597305","2510.5873226258905","19089.225","CH"
"8593.223294454176","11469.39804410191","7454326.269272433","505222.55469451554","2293.879608820382","19089.225","CH"
"8586.244394196914","10479.382182902753","7455263.444348202","505252.4645373592","2095.8764365805505","19089.225","CH"
"8579.872855661702","9574.817810274253","7456119.724104697","505279.7926146942","1914.9635620548506","19089.225","CH"
"8574.055433583551","8748.330114916791","7456902.090915086","505304.7617682172","1749.6660229833583","19089.225","CH"
"8568.743614486606","7993.180631459137","7457616.924539487","505327.5756072938","1598.6361262918274","19089.225","CH"
"8563.893185669427","7303.212354152259","7458270.054123244","505348.4201684774","1460.6424708304519","19089.225","CH"
"8559.463845162698","6672.799581008855","7458866.805710075","505367.46543188684","1334.559916201771","19089.225","CH"
"8555.418848490677","6096.802081299423","7459412.045656674","505384.8667067781","1219.3604162598847","19089.225","CH"
"8551.724688534405","5570.523214242148","7459910.220302067","505400.7658975886","1114.1046428484296","19089.225","CH"
"8548.350805202543","5089.6716586781295","7460365.392214631","505415.2926607554","1017.934331735626","19089.225","CH"
"8545.269321973663","4650.326442744416","7460781.273311843","505428.5654617303","930.0652885488834","19089.225","CH"
"8542.454806688263","4248.904989280104","7461161.25512247","505440.6925407927","849.7809978560208","19089.225","CH"
"8539.884054245647","3882.1339171407035","7461508.436437578","505451.7727955302","776.4267834281408","19089.225","CH"
"8537.535889105571","3547.022360940295","7461825.648575639","505461.89658717037","709.4044721880591","19089.225","CH"
"8535.39098571065","3240.8375921717975","7462115.478467475","505471.14647733513","648.1675184343595","19089.225","CH"
"8533.431705137453","2961.0827433321956","7462380.289749125","505479.5979012174","592.2165486664392","19089.225","CH"
"8531.641946454441","2705.476453757071","7462622.242034488","505487.31978266535","541.0952907514142","19089.225","CH"
"8530.007011416426","2471.9342714797544","7462843.308524765","505494.375096185","494.3868542959509","19089.225","CH"
"8528.513481260361","2258.5516596948505","7463045.292098191","505500.8213804432","451.7103319389701","19089.225","CH"
"8527.149104487917","2063.5884694538795","7463229.840011185","505506.71120745357","412.71769389077593","19089.225","CH"
"8525.902694628012","1885.4547521395302","7463398.457330728","505512.0926112688","377.0909504279061","19089.225","CH"
"8524.764037069257","1722.6977961616972","7463552.519207455","505517.009479675","344.53955923233946","19089.225","CH"
"8523.723804138779","1573.9902822784416","7463693.282089458","505521.5019120794","314.7980564556883","19089.225","CH"
"8522.773477681823","1438.1194610462242","7463821.893968285","505525.60654651024","287.62389220924484","19089.225","CH"
"8521.905278466347","1313.9772642220364","7463939.4037405625","505529.3568583914","262.7954528444073","19089.225","CH"
"8521.112101800069","1200.551269543768","7464046.769761625","505532.78343353176","240.11025390875363","19089.225","CH"
"8520.387458803993","1096.9164452610994","7464144.867660865","505535.91421755025","219.38328905221988","19089.225","CH"
"8519.725422837811","1002.227607140009","7464234.497482506","505538.7747437729","200.44552142800183","19089.225","CH"
"8519.12058061879","915.7125264640873","7464316.390210027","505541.3883414599","183.14250529281748","19089.225","CH"
"8518.567987617602","836.6656328604396","7464391.213727432","505543.7763260582","167.33312657208793","19089.225","CH"
"8518.063127352425","764.4422606218947","7464459.578265985","505545.95817303343","152.88845212437894","19089.225","CH"
"8517.601874236856","698.4533916245624","7464522.0413807705","505547.95167669683","139.69067832491248","19089.225","CH"
"8517.18045966827","638.1608519870196","7464579.112497725","505549.773095323","127.63217039740391","19089.225","CH"
"8516.795441071341","583.0729233131707","7464631.257068159","505551.4372837412","116.61458466263414","19089.225","CH"
"8516.44367363708","532.7403327402543","7464678.900364686","505552.95781448146","106.54806654805087","19089.225","CH"
"8516.122284520823","486.752589099956","7464722.430949477","505554.34708846424","97.35051781999121","19089.225","CH"
"8515.828649283701","444.73463532113254","7464762.203843153","505555.6164361347","88.94692706422651","19089.225","CH"
"8515.560370381281","406.34378978115325","7464798.543420131","505556.7762098679","81.26875795623066","19089.225","CH"
"8515.315257520377","371.26695166673926","7464831.746054048","505557.83586839726","74.25339033334785","19089.225","CH"
"8515.091309720967","339.2180475583114","7464862.082534839","505558.80405395455","67.84360951166228","19089.225","CH"
"8514.886698934404","309.93569841763934","7464889.800277173","505559.6886627522","61.98713968352787","19089.225","CH"
"8514.699755082313","283.18108795539047","7464915.125338227","505560.4969093817","56.63621759107809","19089.225","CH"
"8514.52895239249","258.73601499722713","7464938.264261335","505561.23538565123","51.74720299944543","19089.225","CH"
"8514.37289691883","236.40111396670386","7464959.4057604475","505561.9101143464","47.280222793340776","19089.225","CH"
"8514.230315142438","215.99422897413575","7464978.722259212","505562.5265983495","43.19884579482715","19089.225","CH"
"8514.100043559873","197.34892825305985","7464996.371297177","505563.08986551856","39.469785650611975","19089.225","CH"
"8513.981019172865","180.3131468299948","7465012.496814639","505563.6045096929","36.06262936599896","19089.225","CH"
"8513.87227080118","164.74794635880173","7465027.230326551","505564.07472815836","32.949589271760345","19089.225","CH"
"8513.772911147234","150.52638200654698","7465040.691995118","505564.5043558785","30.105276401309396","19089.225","CH"
"8513.682129547267","137.53246715027356","7465052.9916097885","505564.89689677226","27.506493430054714","19089.225","CH"
"8513.599185349562","125.66022744191955","7465064.229482663","505565.25555228925","25.13204548838391","19089.225","CH"
"8513.52340186532","114.81283652724407","7465074.497266596","505565.5832475212","22.962567305448815","19089.225","CH"
"8513.454160842666","104.90182637050832","7465083.878702706","505565.88265505654","20.980365274101665","19089.225","CH"
"8513.390897418361","95.84636574495407","7465092.450303313","505566.1562167779","19.169273148990815","19089.225","CH"
"8513.333095505981","87.57260100510122","7465100.281975966","505566.40616377746","17.514520201020243","19089.225","CH"
"8513.280283582699","80.01305376459723","7465107.437593579","505566.6345345524","16.00261075291945","19089.225","CH"
"8513.232030840196","73.10607056765274","7465113.975515362","505566.8431916306","14.621214113530549","19089.225","CH"
"8513.187943668232","66.79532006586493","7465119.949062773","505567.03383676073","13.359064013172986","19089.225","CH"
"8513.14766244203","61.02933359973985","7465125.406954405","505567.20802479156","12.20586671994797","19089.225","CH"
"8513.110858587277","55.76108543822569","7465130.3937033005","505567.36717635195","11.15221708764514","19089.225","CH"
"8513.07723189867","50.947609252870535","7465134.949980002","505567.5125894383","10.189521850574108","19089.225","CH"
"8513.046508090105","46.549647698852056","7465139.112944243","505567.64544999937","9.309929539770412","19089.225","CH"
"8513.018436556526","42.53133224497654","7465142.916548011","505567.76684160903","8.506266448995309","19089.225","CH"
"8512.992788329055","38.8598906415688","7465146.391812451","505567.8777543038","7.771978128313761","19089.225","CH"
"8512.969354206787","35.5053796404599","7465149.567080868","505567.9790926576","7.10107592809198","19089.225","CH"
"8512.947943049896","32.44044078729078","7465152.468249881","505568.071683158","6.488088157458157","19089.225","CH"
"8512.928380220206","29.6400772944486","7465155.118980623","505568.1562809476","5.92801545888972","19089.225","CH"
"8512.910506156408","27.081450174961873","7465157.540891736","505568.2335759829","5.416290034992375","19089.225","CH"
"8512.894175072302","24.74369197465918","7465159.753735663","505568.30419866147","4.948738394931836","19089.225","CH"
"8512.879253767489","22.607736583496187","7465161.775559757","505568.3687249623","4.5215473166992375","19089.225","CH"
"8512.86562054077","20.656163738041567","7465163.6228534635","505568.4276811445","4.131232747608314","19089.225","CH"
"8512.85316419732","18.87305694696553","7465165.310682812","505568.4815480385","3.7746113893931064","19089.225","CH"
"8512.841783141626","17.24387368080366","7465166.852813274","505568.5307649683","3.448774736160732","19089.225","CH"
"8512.831384548756","15.755326767324659","7465168.26182205","505568.57573333354","3.151065353464932","19089.225","CH"
"8512.821883607146","14.395276025200376","7465169.549200632","505568.61681988416","2.8790552050400753","19089.225","CH"
"8512.813202826816","13.152629252168449","7465170.725448533","505568.6543597107","2.63052585043369","19089.225","CH"
"8512.805271407256","12.017251760209422","7465171.8001589095","505568.688658978","2.403450352041885","19089.225","CH"
"8512.798024659956","10.979883719910172","7465172.782096808","505568.7199974216","2.1959767439820346","19089.225","CH"
"8512.791403480718","10.03206463991935","7465173.679270652","505568.74863062944","2.00641292798387","19089.225","CH"
"8512.7853538676","9.166064365563338","7465174.498997546","505568.7747921261","1.8332128731126678","19089.225","CH"
"8512.779826480424","8.374820033877324","7465175.247962963","505568.79869527766","1.6749640067754648","19089.225","CH"
"8512.77477623834","7.651878470870668","7465175.93227526","505568.8205350318","1.5303756941741335","19089.225","CH"
"8512.770161952123","6.991343561239599","7465176.557515503","505568.8404895077","1.39826871224792","19089.225","CH"
"8512.765945988214","6.387828161288721","7465177.128782983","505568.85872144863","1.2775656322577442","19089.225","CH"
"8512.762093961785","5.836410162881315","7465177.650736807","505568.87537954946","1.1672820325762632","19089.225","CH"
"8512.75857445628","5.33259235008739","7465178.127633885","505568.890599669","1.0665184700174781","19089.225","CH"
"8512.755358767154","4.872265721129396","7465178.563363664","505568.9045059386","0.9744531442258793","19089.225","CH"
"8512.752420667788","4.451675976496143","7465178.961479839","505568.91721177404","0.8903351952992287","19089.225","CH"
"8512.749736195565","4.067392899906402","7465179.325229334","505568.9288208006","0.8134785799812804","19089.225","CH"
"8512.74728345642","3.7162823824062756","7465179.657578794","505568.93942769826","0.7432564764812551","19089.225","CH"
"8512.745042446279","3.3954808614343808","7465179.961238774","505568.9491189742","0.6790961722868762","19089.225","CH"
"8512.742994887909","3.1023719663880693","7465180.238685839","505568.9579736679","0.6204743932776139","19089.225","CH"
"8512.741124081911","2.834565190962433","7465180.492182767","505568.9660639954","0.5669130381924866","19089.225","CH"
"8512.739414770303","2.5898763629363795","7465180.723797019","505568.97345593956","0.5179752725872759","19089.225","CH"
"8512.737853012308","2.3663098663433577","7465180.9354175795","505568.9802097873","0.4732619732686716","19089.225","CH"
"8512.736426070567","2.162042353228677","7465181.128770366","505568.98638062103","0.4324084706457354","19089.225","CH"
"8512.73512230727","1.9754078729195268","7465181.305432317","505568.9920187684","0.39508157458390536","19089.225","CH"
"8512.733931089213","1.8048842849842066","7465181.466844236","505568.99717021256","0.36097685699684134","19089.225","CH"
"8512.732842701098","1.6490808450696826","7465181.614322556","505569.0018769675","0.3298161690139365","19089.225","CH"
"8512.7318482663","1.506726862368015","7465181.749070069","505569.00617742003","0.30134537247360305","19089.225","CH"
"8512.73093967443","1.3766613362071678","7465181.872185739","505569.0101066436","0.27533226724143356","19089.225","CH"
"8512.730109515238","1.2578234872450602","7465181.984673666","505569.0136966838","0.25156469744901205","19089.225","CH"
"8512.729351018148","1.1492441060412264","7465182.087451272","505569.01697682025","0.2298488212082453","19089.225","CH"
"8512.728657997037","1.0500376484478635","7465182.181356784","505569.0199738045","0.2100075296895727","19089.225","CH"
"8512.728024799799","0.9593950133520392","7465182.267156068","505569.02271207934","0.19187900267040786","19089.225","CH"
"8512.727446262239","0.8765769438666222","7465182.3455488775","505569.0252139776","0.17531538877332445","19089.225","CH"
"8512.72691766595","0.8009079981516415","7465182.417174568","505569.027499904","0.1601815996303283","19089.225","CH"
"8512.726434699827","0.7317710406946938","7465182.482617296","505569.0295885017","0.14635420813893876","19089.225","CH"
"8512.725993424929","0.6686022091207189","7465182.542410795","505569.0314968049","0.13372044182414378","19089.225","CH"
"8512.72559024233","0.6108863154837997","7465182.597042726","505569.03324037726","0.12217726309675994","19089.225","CH"
"8512.725221863773","0.5581526445342568","7465182.646958653","505569.0348334387","0.11163052890685138","19089.225","CH"
"8512.724885284859","0.5099711146930928","7465182.692565675","505569.03628898197","0.10199422293861855","19089.225","CH"
"8512.724577760537","0.465948770423238","7465182.734235753","505569.0376188779","0.09318975408464761","19089.225","CH"
"8512.724296782717","0.42572657739095043","7465182.772308735","505569.03883397294","0.0851453154781901","19089.225","CH"
"8512.724040059822","0.3889764942250929","7465182.807095133","505569.039944177","0.07779529884501858","19089.225","CH"
"8512.72380549809","0.3553987970635335","7465182.838878655","505569.04095854476","0.07107975941270671","19089.225","CH"
"8512.723591184487","0.3247196352142932","7465182.867918522","505569.0418853491","0.06494392704285865","19089.225","CH"
"8512.72339537113","0.2966887977028109","7465182.894451574","505569.04273214855","0.05933775954056219","19089.225","CH"
"8512.723216461014","0.27107767261385385","7465182.9186942065","505569.0435058497","0.054215534522770774","19089.225","CH"
"8512.723052995003","0.24767738258999933","7465182.94084414","505569.04421276244","0.04953547651799987","19089.225","CH"
"8512.722903639906","0.2262970812800871","7465182.961082017","505569.0448586521","0.045259416256017426","19089.225","CH"
"8512.722767177633","0.20676239684293607","7465182.979572893","505569.0454487866","0.041352479368587214","19089.225","CH"
"8512.722642495226","0.1889140098134283","7465182.996467578","505569.04598797864","0.03778280196268566","19089.225","CH"
"8512.722528575816","0.17260635373154287","7465183.011903858","505569.04648062587","0.03452127074630858","19089.225","CH"
"8512.722424490288","0.15770642593236034","7465183.02600763","505569.0469307462","0.03154128518647207","19089.225","CH"
"8512.72232938976","0.14409270804320504","7465183.038893919","505569.04734201066","0.02881854160864101","19089.225","CH"
"8512.722242498618","0.13165417018103473","7465183.050667821","505569.04771777353","0.026330834036206948","19089.225","CH"
"8512.7221631082","0.12028936695134972","7465183.0614253655","505569.04806109937","0.024057873390269945","19089.225","CH"
"8512.722090571013","0.10990561007965678","7465183.071254282","505569.0483747882","0.02198112201593136","19089.225","CH"
"8512.722024295477","0.10041821246405899","7465183.080234734","505569.0486613985","0.0200836424928118","19089.225","CH"
"8512.721963741054","0.09174979748413215","7465183.088439967","505569.04892326763","0.01834995949682643","19089.225","CH"
"8512.721908413885","0.08382966793301211","7465183.095936896","505569.04916253133","0.016765933586602423","19089.225","CH"
"8512.721857862733","0.07659322942547409","7465183.102786666","505569.04938114097","0.015318645885094817","19089.225","CH"
"8512.721811675317","0.06998146357966294","7465183.10904514","505569.0495808795","0.013996292715932588","19089.225","CH"
"8512.721769475016","0.06394045557196179","7465183.114763356","505569.0497633757","0.012788091114392358","19089.225","CH"
"8512.721730917578","0.05842092658316853","7465183.119987957","505569.0499301183","0.011684185316633707","19089.225","CH"
"8512.721695688537","0.053377860882618165","7465183.1247615535","505569.0500824672","0.010675572176523634","19089.225","CH"
"8512.721663500583","0.048770128636330894","7465183.129123079","505569.0502216648","0.009754025727266179","19089.225","CH"
"8512.721634091195","0.04456015046473314","7465183.133108104","505569.0503488463","0.00891203009294663","19089.225","CH"
"8512.721607220517","0.0407135909567636","7465183.136749131","505569.0504650493","0.00814271819135272","19089.225","CH"
"8512.721582669405","0.03719907864071795","7465183.140075853","505569.0505712213","0.0074398157281435895","19089.225","CH"
"8512.721560237622","0.033987950128024594","7465183.143115399","505569.0506682281","0.006797590025604919","19089.225","CH"
"8512.721539742219","0.031054016343383947","7465183.145892563","505569.0507568609","0.00621080326867679","19089.225","CH"
"8512.721521016045","0.028373348934442183","7465183.148429993","505569.05083784275","0.005674669786888437","19089.225","CH"
"8512.721503906372","0.02592408511937592","7465183.150748384","505569.05091183394","0.005184817023875184","19089.225","CH"
"8512.721488273659","0.02368624938054305","7465183.152866644","505569.05097943806","0.004737249876108611","19089.225","CH"
"8512.721473990412","0.021641590550049678","7465183.154802049","505569.0510412063","0.0043283181100099355","19089.225","CH"
"8512.721460940138","0.019773432958614525","7465183.156570383","505569.0510976426","0.003954686591722905","19089.225","CH"
"8512.7214490164","0.01806654032073107","7465183.158186072","505569.05114920717","0.003613308064146214","19089.225","CH"
"8512.721438121953","0.01650699133062952","7465183.15966229","505569.0511963204","0.003301398266125904","19089.225","CH"
"8512.721428167939","0.015082066479192585","7465183.161011076","505569.0512393667","0.0030164132958385172","19089.225","CH"
"8512.721419073181","0.013780144320046248","7465183.1622434305","505569.05127869727","0.0027560288640092498","19089.225","CH"
"8512.7214107635","0.012590606672036885","7465183.163369406","505569.0513146326","0.002518121334407377","19089.225","CH"
"8512.721403171126","0.011503752006213352","7465183.164398187","505569.0513474659","0.0023007504012426704","19089.225","CH"
"8512.72139623414","0.010510716310354856","7465183.165338162","505569.051377465","0.002102143262070971","19089.225","CH"
"8512.72138989596","0.009603400784888411","7465183.166196996","505569.0514048746","0.0019206801569776823","19089.225","CH"
"8512.721384104902","0.008774405781616524","7465183.166981696","505569.0514299181","0.0017548811563233048","19089.225","CH"
"8512.72137881373","0.008016970445263404","7465183.167698659","505569.0514527999","0.001603394089052681","19089.225","CH"
"8512.721373979299","0.007324917565914072","7465183.168353735","505569.0514737065","0.0014649835131828144","19089.225","CH"
"8512.721369562176","0.006692603193353893","7465183.168952263","505569.0514928084","0.0013385206386707788","19089.225","CH"
"8512.721365526346","0.006114870599403354","7465183.169499124","505569.0515102614","0.0012229741198806709","19089.225","CH"
"8512.721361838892","0.005587008217029278","7465183.169998782","505569.0515262078","0.0011174016434058558","19089.225","CH"
"8512.721358469742","0.005104711208868525","7465183.170455307","505569.0515407777","0.0010209422417737052","19089.225","CH"
"8512.721355391413","0.004664046355004074","7465183.170872424","505569.05155409","0.0009328092710008148","19089.225","CH"
"8512.721352578812","0.004261419970590165","7465183.171253535","505569.0515662532","0.0008522839941180331","19089.225","CH"
"8512.721350009","0.0038935485945299796","7465183.171601749","505569.0515773663","0.000778709718905996","19089.225","CH"
"8512.721347661012","0.0035574322083418448","7465183.171919906","505569.05158752017","0.000711486441668369","19089.225","CH"
"8512.721345515705","0.003250329766215323","7465183.172210598","505569.05159679754","0.0006500659532430647","19089.225","CH"
"8512.721343555582","0.002969736838901846","7465183.1724761985","505569.05160527414","0.0005939473677803693","19089.225","CH"
"8512.721341764662","0.0027133651865621985","7465183.172718872","505569.05161301896","0.0005426730373124397","19089.225","CH"
"8512.721340128339","0.002479124095986148","7465183.172940597","505569.0516200953","0.0004958248191972297","19089.225","CH"
"8512.721338633266","0.0022651033281796255","7465183.173143182","505569.05162656074","0.0004530206656359251","19089.225","CH"
"8512.721337267252","0.0020695575515382275","7465183.173328279","505569.05163246806","0.0004139115103076455","19089.225","CH"
"8512.72133601916","0.0018908921618181705","7465183.173497398","505569.05163786554","0.0003781784323636341","19089.225","CH"
"8512.721334878808","0.001727650198366556","7465183.17365192","505569.051642797","0.0003455300396733112","19089.225","CH"
"8512.721333836898","0.0015785004503792927","7465183.1737931","505569.05164730275","0.0003157000900758586","19089.225","CH"
"8512.721332884938","0.001442226603373025","7465183.173922094","505569.0516514195","0.000288445320674605","19089.225","CH"
"8512.721332015162","0.0013177173218427104","7465183.174039951","505569.0516551808","0.0002635434643685421","19089.225","CH"
"8512.721331220473","0.0012039571884462509","7465183.174147632","505569.05165861757","0.00024079143768925018","19089.225","CH"
"8512.72133049439","0.0011000184249740017","7465183.174246016","505569.05166175746","0.00022000368499480033","19089.225","CH"
"8512.721329830996","0.0010050533280813651","7465183.174335908","505569.0516646263","0.00020101066561627304","19089.225","CH"
"8512.721329224878","0.0009182873578160403","7465183.174418038","505569.05166724743","0.00018365747156320807","19089.225","CH"
"8512.721328671096","0.0008390128229604994","7465183.174493076","505569.05166964215","0.0001678025645920999","19089.225","CH"
"8512.721328165127","0.0007665831109733912","7465183.174561636","505569.05167183024","0.00015331662219467826","19089.225","CH"
"8512.721327702851","0.0007004074165410383","7465183.174624275","505569.05167382926","0.00014008148330820768","19089.225","CH"
"8512.721327280486","0.0006399459247246531","7465183.174681505","505569.05167565576","0.00012798918494493064","19089.225","CH"
"8512.721326894518","0.0005846940291381238","7465183.174733804","505569.0516773249","0.00011693880582762477","19089.225","CH"
"8512.721326541867","0.0005342117946392208","7465183.174781588","505569.0516788499","0.00010684235892784416","19089.225","CH"
"8512.721326219658","0.0004880875566284166","7465183.174825247","505569.0516802433","9.761751132568333e-05","19089.225","CH"
"8512.721325925266","0.00044594517042460054","7465183.174865139","505569.05168151646","8.918903408492011e-05","19089.225","CH"
"8512.721325656288","0.000407440947211003","7465183.174901585","505569.05168267974","8.14881894422006e-05","19089.225","CH"
"8512.721325410534","0.0003722608543758838","7465183.174934885","505569.0516837425","7.445217087517677e-05","19089.225","CH"
"8512.721325185994","0.0003401179572490555","7465183.17496531","505569.0516847136","6.80235914498111e-05","19089.225","CH"
"8512.721324980841","0.0003107500815077776","7465183.17499311","505569.0516856008","6.215001630155553e-05","19089.225","CH"
"8512.7213247934","0.0002839176771152411","7465183.175018509","505569.05168641143","5.6783535423048225e-05","19089.225","CH"
"8512.721324622142","0.0002594018665760625","7465183.175041714","505569.0516871521","5.188037331521251e-05","19089.225","CH"
"8512.721324465669","0.00023700266150442187","7465183.175062915","505569.05168782873","4.7400532300884374e-05","19089.225","CH"
"8512.721324322703","0.00021653733300311477","7465183.175082289","505569.05168844695","4.330746660062296e-05","19089.225","CH"
"8512.721324192084","0.00019783892259712488","7465183.1750999885","505569.0516890118","3.956778451942498e-05","19089.225","CH"
"8512.721324072743","0.00018075488163515535","7465183.175116159","505569.05168952787","3.6150976327031074e-05","19089.225","CH"
"8512.721323963715","0.0001651475234420914","7465183.175130933","505569.05168999935","3.3029504688418286e-05","19089.225","CH"
"8512.7213238641","0.00015088761426877635","7465183.175144429","505569.05169043015","3.0177522853755272e-05","19089.225","CH"
"8512.721323773085","0.00013785883629791496","7465183.175156763","505569.05169082375","2.7571767259582993e-05","19089.225","CH"
"8512.721323689928","0.00012595490972553466","7465183.175168031","505569.0516911834","2.5190981945106933e-05","19089.225","CH"
"8512.721323613952","0.00011507872677328695","7465183.175178326","505569.051691512","2.301574535465739e-05","19089.225","CH"
"8512.721323544532","0.00010514156037931846","7465183.17518773","505569.05169181223","2.1028312075863692e-05","19089.225","CH"
"8512.721323481112","9.606234115007377e-05","7465183.1751963245","505569.05169208656","1.9212468230014757e-05","19089.225","CH"
"8512.721323423164","8.776699666863926e-05","7465183.175204177","505569.0516923372","1.755339933372785e-05","19089.225","CH"
"8512.721323370219","8.018784780627975e-05","7465183.175211351","505569.05169256625","1.6037569561255953e-05","19089.225","CH"
"8512.721323321846","7.32630571002916e-05","7465183.175217906","505569.05169277545","1.465261142005832e-05","19089.225","CH"
"8512.72132327765","6.693612470998314e-05","7465183.175223894","505569.05169296655","1.3387224941996628e-05","19089.225","CH"
"8512.721323237267","6.115542785079487e-05","7465183.175229366","505569.0516931411","1.2231085570158974e-05","19089.225","CH"
"8512.721323200369","5.587379995882898e-05","7465183.175234365","505569.05169330066","1.1174759991765797e-05","19089.225","CH"
"8512.72132316666","5.1048146163975586e-05","7465183.175238934","505569.0516934464","1.0209629232795117e-05","19089.225","CH"
"8512.721323135858","4.6639091931974544e-05","7465183.1752431085","505569.0516935796","9.327818386394909e-06","19089.225","CH"
